param,name,side
p_104055_1_,force,1
p_110162_1_,entityIn,2
p_110162_2_,sendAttachNotification,2
p_110304_0_,resourceLocationIn,0
p_110304_1_,username,0
p_110311_0_,username,0
p_110577_1_,resource,0
p_110661_0_,sender,2
p_110661_1_,str,2
p_110661_2_,min,2
p_110661_4_,max,2
p_110662_0_,sender,2
p_110662_1_,str,2
p_110664_0_,sender,2
p_110664_1_,str,2
p_110664_2_,min,2
p_110665_0_,sender,2
p_110665_4_,min,2
p_110665_5_,max,2
p_110666_0_,sender,2
p_110813_1_,targetEntity,0
p_111207_1_,stack,2
p_111207_2_,player,2
p_111207_3_,target,2
p_111229_1_,types,2
p_111270_1_,other,2
p_120016_0_,serverIn,1
p_130002_1_,player,2
p_142020_1_,brand,0
p_142053_1_,input,2
p_142054_1_,other,2
p_143006_1_,idleTimeout,2
p_145747_1_,message,2
p_145769_1_,id,2
p_145770_1_,x,0
p_145770_3_,y,0
p_145770_5_,z,0
p_145771_1_,x,2
p_145771_3_,y,2
p_145771_5_,z,2
p_145772_1_,explosionIn,2
p_145772_2_,worldIn,2
p_145772_3_,x,2
p_145772_4_,y,2
p_145772_5_,z,2
p_145772_6_,blockIn,2
p_145774_1_,explosionIn,2
p_145774_2_,worldIn,2
p_145774_3_,x,2
p_145774_4_,y,2
p_145774_5_,z,2
p_145774_6_,blockIn,2
p_145774_7_,unused,2
p_145778_1_,itemIn,2
p_145778_2_,size,2
p_145779_1_,itemIn,2
p_145779_2_,size,2
p_145780_1_,x,2
p_145780_2_,y,2
p_145780_3_,z,2
p_145780_4_,blockIn,2
p_145826_0_,cl,2
p_145826_1_,id,2
p_145827_0_,nbt,2
p_145828_1_,reportCategory,2
p_145834_1_,worldIn,2
p_145839_1_,compound,2
p_145841_1_,compound,2
p_145842_1_,id,2
p_145842_2_,type,2
p_146029_1_,itemIn,2
p_146031_1_,chestTileEntity,2
p_146110_0_,x,0
p_146110_1_,y,0
p_146110_2_,u,0
p_146110_3_,v,0
p_146110_4_,width,0
p_146110_5_,height,0
p_146110_6_,textureWidth,0
p_146110_7_,textureHeight,0
p_146111_1_,mouseX,0
p_146111_2_,mouseY,0
p_146112_1_,mc,0
p_146112_2_,mouseX,0
p_146112_3_,mouseY,0
p_146113_1_,soundHandlerIn,0
p_146114_1_,mouseOver,0
p_146116_1_,mc,0
p_146116_2_,mouseX,0
p_146116_3_,mouseY,0
p_146118_1_,mouseX,0
p_146118_2_,mouseY,0
p_146119_1_,mc,0
p_146119_2_,mouseX,0
p_146119_3_,mouseY,0
p_146159_1_,mc,0
p_146159_2_,mouseX,0
p_146159_3_,mouseY,0
p_146270_1_,tint,0
p_146273_1_,mouseX,0
p_146273_2_,mouseY,0
p_146273_3_,clickedMouseButton,0
p_146273_4_,timeSinceLastClick,0
p_146275_0_,copyText,0
p_146278_1_,tint,0
p_146279_1_,tabName,0
p_146279_2_,mouseX,0
p_146279_3_,mouseY,0
p_146280_1_,mc,0
p_146280_2_,width,0
p_146280_3_,height,0
p_146283_1_,textLines,0
p_146283_2_,x,0
p_146283_3_,y,0
p_146284_1_,button,0
p_146285_1_,itemIn,0
p_146285_2_,x,0
p_146285_3_,y,0
p_146286_1_,mouseX,0
p_146286_2_,mouseY,0
p_146286_3_,state,0
p_146367_1_,ip,0
p_146367_2_,port,0
p_146790_1_,index,0
p_146791_1_,server,0
p_146975_1_,x,0
p_146975_2_,y,0
p_146976_1_,partialTicks,0
p_146976_2_,mouseX,0
p_146976_3_,mouseY,0
p_146977_1_,slotIn,0
p_146978_1_,left,0
p_146978_2_,top,0
p_146978_3_,right,0
p_146978_4_,bottom,0
p_146978_5_,pointX,0
p_146978_6_,pointY,0
p_146979_1_,mouseX,0
p_146979_2_,mouseY,0
p_146981_1_,slotIn,0
p_146981_2_,mouseX,0
p_146981_3_,mouseY,0
p_146982_1_,stack,0
p_146982_2_,x,0
p_146982_3_,y,0
p_146982_4_,altText,0
p_146983_1_,keyCode,0
p_146984_1_,slotIn,0
p_146984_2_,slotId,0
p_146984_3_,clickedButton,0
p_146984_4_,clickType,0
p_147108_1_,guiScreenIn,0
p_147115_1_,leftClick,0
p_147138_1_,response,2
p_147139_1_,difficulty,2
p_147153_0_,category,2
p_147153_1_,x,2
p_147153_2_,y,2
p_147153_3_,z,2
p_147153_4_,blockIn,2
p_147153_5_,meta,2
p_147176_0_,sender,2
p_147176_1_,args,2
p_147176_2_,index,2
p_147177_0_,components,2
p_147178_0_,sender,2
p_147178_1_,args,2
p_147179_0_,sender,2
p_147179_1_,id,2
p_147180_0_,sender,2
p_147180_1_,id,2
p_147183_1_,name,2
p_147189_1_,name,2
p_147189_2_,edit,2
p_147193_1_,sender,2
p_147193_2_,args,2
p_147193_3_,index,2
p_147224_1_,server,0
p_147225_1_,server,0
p_147231_1_,reason,2
p_147232_1_,oldState,2
p_147232_2_,newState,2
p_147234_1_,packetIn,2
p_147235_1_,packetIn,2
p_147236_1_,packetIn,2
p_147237_1_,packetIn,2
p_147238_1_,packetIn,2
p_147239_1_,packetIn,2
p_147240_1_,packetIn,2
p_147241_1_,packetIn,2
p_147242_1_,packetIn,2
p_147243_1_,packetIn,2
p_147244_1_,packetIn,2
p_147245_1_,packetIn,2
p_147246_1_,packetIn,2
p_147247_1_,packetIn,2
p_147248_1_,packetIn,2
p_147249_1_,packetIn,2
p_147250_1_,packetIn,2
p_147251_1_,packetIn,2
p_147252_1_,packetIn,2
p_147253_1_,packetIn,2
p_147254_1_,packetIn,2
p_147255_1_,packetIn,2
p_147256_1_,packetIn,2
p_147257_1_,packetIn,2
p_147258_1_,packetIn,2
p_147259_1_,packetIn,2
p_147260_1_,packetIn,2
p_147261_1_,packetIn,2
p_147262_1_,packetIn,2
p_147263_1_,packetIn,2
p_147264_1_,packetIn,2
p_147265_1_,packetIn,2
p_147266_1_,packetIn,2
p_147267_1_,packetIn,2
p_147268_1_,packetIn,2
p_147269_1_,packetIn,2
p_147270_1_,packetIn,2
p_147271_1_,packetIn,2
p_147272_1_,packetIn,2
p_147273_1_,packetIn,2
p_147274_1_,packetIn,2
p_147275_1_,packetIn,2
p_147276_1_,packetIn,2
p_147277_1_,packetIn,2
p_147278_1_,packetIn,2
p_147279_1_,packetIn,2
p_147280_1_,packetIn,2
p_147281_1_,packetIn,2
p_147282_1_,packetIn,2
p_147283_1_,packetIn,2
p_147284_1_,packetIn,2
p_147285_1_,packetIn,2
p_147286_1_,packetIn,2
p_147287_1_,packetIn,2
p_147288_1_,packetIn,2
p_147289_1_,packetIn,2
p_147290_1_,packetIn,2
p_147291_1_,packetIn,2
p_147292_1_,packetIn,2
p_147293_1_,packetIn,2
p_147294_1_,packetIn,2
p_147295_1_,packetIn,2
p_147311_1_,packetIn,2
p_147312_1_,packetIn,2
p_147315_1_,packetIn,2
p_147316_1_,packetIn,2
p_147322_1_,reason,2
p_147338_1_,packetIn,2
p_147339_1_,packetIn,2
p_147340_1_,packetIn,2
p_147341_1_,packetIn,2
p_147342_1_,packetIn,2
p_147343_1_,packetIn,2
p_147344_1_,packetIn,2
p_147345_1_,packetIn,2
p_147346_1_,packetIn,2
p_147347_1_,packetIn,2
p_147348_1_,packetIn,2
p_147349_1_,packetIn,2
p_147350_1_,packetIn,2
p_147351_1_,packetIn,2
p_147352_1_,packetIn,2
p_147353_1_,packetIn,2
p_147354_1_,packetIn,2
p_147355_1_,packetIn,2
p_147356_1_,packetIn,2
p_147357_1_,packetIn,2
p_147358_1_,packetIn,2
p_147359_1_,packetIn,2
p_147360_1_,reason,2
p_147361_1_,command,2
p_147364_1_,x,2
p_147364_3_,y,2
p_147364_5_,z,2
p_147364_7_,yaw,2
p_147364_8_,pitch,2
p_147383_1_,packetIn,2
p_147388_1_,packetIn,2
p_147389_1_,packetIn,2
p_147390_1_,packetIn,2
p_147397_1_,packetIn,2
p_147398_1_,packetIn,2
p_147407_1_,icon,0
p_147437_1_,x,2
p_147437_2_,y,2
p_147437_3_,z,2
p_147438_1_,x,2
p_147438_2_,y,2
p_147438_3_,z,2
p_147440_1_,type,2
p_147440_2_,x,2
p_147440_3_,y,2
p_147440_4_,z,2
p_147443_2_,x,2
p_147443_3_,y,2
p_147443_4_,z,2
p_147443_5_,blockDamage,2
p_147445_1_,x,2
p_147445_2_,y,2
p_147445_3_,z,2
p_147445_4_,def,2
p_147449_1_,x,2
p_147449_2_,y,2
p_147449_3_,z,2
p_147449_4_,blockType,2
p_147451_1_,x,2
p_147451_2_,y,2
p_147451_3_,z,2
p_147452_1_,x,2
p_147452_2_,y,2
p_147452_3_,z,2
p_147452_4_,blockIn,2
p_147452_5_,eventId,2
p_147452_6_,eventParameter,2
p_147453_1_,x,2
p_147453_2_,yPos,2
p_147453_3_,z,2
p_147453_4_,blockIn,2
p_147455_1_,x,2
p_147455_2_,y,2
p_147455_3_,z,2
p_147455_4_,tileEntityIn,2
p_147457_1_,tileEntityIn,2
p_147462_1_,x,2
p_147462_3_,y,2
p_147462_5_,z,2
p_147465_1_,x,2
p_147465_2_,y,2
p_147465_3_,z,2
p_147465_4_,blockIn,2
p_147465_5_,metadataIn,2
p_147465_6_,flags,2
p_147466_0_,worldIn,2
p_147466_1_,x,2
p_147466_2_,y,2
p_147466_3_,z,2
p_147468_1_,x,2
p_147468_2_,y,2
p_147468_3_,z,2
p_147469_1_,x,2
p_147469_2_,y,2
p_147469_3_,z,2
p_147473_1_,x,2
p_147473_2_,y,2
p_147473_3_,z,2
p_147474_1_,x,2
p_147474_2_,z,2
p_147475_1_,x,2
p_147475_2_,y,2
p_147475_3_,z,2
p_147478_1_,x,2
p_147478_2_,y,2
p_147478_3_,z,2
p_147478_4_,checkLight,2
p_147480_1_,x,2
p_147480_2_,y,2
p_147480_3_,z,2
p_147480_4_,dropBlock,2
p_147493_1_,worldIn,0
p_147493_2_,stats,0
p_147673_0_,soundResource,0
p_147674_0_,soundResource,0
p_147674_1_,pitch,0
p_147675_0_,soundResource,0
p_147675_1_,xPosition,0
p_147675_2_,yPosition,0
p_147675_3_,zPosition,0
p_147784_1_,blockType,0
p_147784_2_,blockX,0
p_147784_3_,blockY,0
p_147784_4_,blockZ,0
p_148054_1_,manager,0
p_148056_1_,manager,0
p_148057_0_,resourceManager,0
p_148057_1_,type,0
p_148057_2_,filename,0
p_148075_1_,manager,0
p_148537_1_,packetIn,2
p_148537_2_,dimension,2
p_148539_1_,component,2
p_148540_1_,packetIn,2
p_148541_1_,x,2
p_148541_10_,packetIn,2
p_148541_3_,y,2
p_148541_5_,z,2
p_148541_7_,radius,2
p_148541_9_,dimension,2
p_148542_1_,address,2
p_148542_2_,profile,2
p_148543_10_,dimension,2
p_148543_2_,x,2
p_148543_4_,y,2
p_148543_6_,z,2
p_148543_8_,radius,2
p_148544_1_,component,2
p_148544_2_,isChat,2
p_148545_1_,profile,2
p_148833_1_,handler,2
p_148834_0_,buffer,2
p_148837_1_,data,2
p_148838_0_,buffer,2
p_148838_1_,blob,2
p_148839_0_,protocolMap,2
p_148839_1_,packetId,2
p_148840_1_,data,2
p_149102_1_,isFlying,2
p_149104_1_,flySpeedIn,2
p_149108_1_,isInvulnerable,2
p_149109_1_,isAllowFlying,2
p_149110_1_,walkSpeedIn,2
p_149111_1_,isCreativeMode,2
p_149300_1_,key,2
p_149483_1_,isFlying,2
p_149485_1_,flySpeedIn,2
p_149490_1_,isInvulnerable,2
p_149491_1_,isAllowFlying,2
p_149492_1_,walkSpeedIn,2
p_149493_1_,isCreativeMode,2
p_149564_1_,worldIn,2
p_149633_1_,worldIn,0
p_149633_2_,x,0
p_149633_3_,y,0
p_149633_4_,z,0
p_149634_0_,itemIn,2
p_149636_1_,worldIn,2
p_149636_2_,player,2
p_149636_3_,x,2
p_149636_4_,y,2
p_149636_5_,z,2
p_149636_6_,meta,2
p_149638_1_,exploder,2
p_149639_1_,worldIn,2
p_149639_2_,x,2
p_149639_3_,y,2
p_149639_4_,z,2
p_149640_1_,worldIn,2
p_149640_2_,x,2
p_149640_3_,y,2
p_149640_4_,z,2
p_149640_5_,entityIn,2
p_149640_6_,velocity,2
p_149642_1_,worldIn,2
p_149642_2_,x,2
p_149642_3_,y,2
p_149642_4_,z,2
p_149642_5_,itemIn,2
p_149643_1_,worldIn,2
p_149643_2_,x,2
p_149643_3_,y,2
p_149643_4_,z,2
p_149644_1_,meta,2
p_149646_1_,worldIn,0
p_149646_2_,x,0
p_149646_3_,y,0
p_149646_4_,z,0
p_149646_5_,side,0
p_149647_1_,tab,2
p_149650_1_,meta,2
p_149650_2_,random,2
p_149650_3_,fortune,2
p_149651_1_,reg,0
p_149654_1_,point,2
p_149655_1_,worldIn,2
p_149655_2_,x,2
p_149655_3_,y,2
p_149655_4_,z,2
p_149657_1_,worldIn,2
p_149657_2_,x,2
p_149657_3_,y,2
p_149657_4_,z,2
p_149657_5_,amount,2
p_149658_1_,textureName,2
p_149659_1_,explosionIn,2
p_149660_1_,worldIn,2
p_149660_2_,x,2
p_149660_3_,y,2
p_149660_4_,z,2
p_149660_5_,side,2
p_149660_6_,subX,2
p_149660_7_,subY,2
p_149660_8_,subZ,2
p_149660_9_,meta,2
p_149661_1_,point,2
p_149663_1_,name,2
p_149664_1_,worldIn,2
p_149664_2_,x,2
p_149664_3_,y,2
p_149664_4_,z,2
p_149664_5_,meta,2
p_149666_1_,itemIn,0
p_149666_2_,tab,0
p_149666_3_,list,0
p_149667_1_,other,2
p_149668_1_,worldIn,2
p_149668_2_,x,2
p_149668_3_,y,2
p_149668_4_,z,2
p_149670_1_,worldIn,2
p_149670_2_,x,2
p_149670_3_,y,2
p_149670_4_,z,2
p_149670_5_,entityIn,2
p_149672_1_,sound,2
p_149673_1_,worldIn,0
p_149673_2_,x,0
p_149673_3_,y,0
p_149673_4_,z,0
p_149673_5_,side,0
p_149674_1_,worldIn,2
p_149674_2_,x,2
p_149674_3_,y,2
p_149674_4_,z,2
p_149674_5_,random,2
p_149675_1_,shouldTick,2
p_149676_1_,minX,2
p_149676_2_,minY,2
p_149676_3_,minZ,2
p_149676_4_,maxX,2
p_149676_5_,maxY,2
p_149676_6_,maxZ,2
p_149677_1_,worldIn,0
p_149677_2_,x,0
p_149677_3_,y,0
p_149677_4_,z,0
p_149678_1_,meta,2
p_149678_2_,includeLiquid,2
p_149679_1_,maxBonus,2
p_149679_2_,random,2
p_149680_0_,blockIn,2
p_149680_1_,other,2
p_149681_1_,worldIn,2
p_149681_2_,x,2
p_149681_3_,y,2
p_149681_4_,z,2
p_149681_5_,meta,2
p_149681_6_,player,2
p_149682_0_,blockIn,2
p_149684_0_,name,2
p_149687_1_,point,2
p_149689_1_,worldIn,2
p_149689_2_,x,2
p_149689_3_,y,2
p_149689_4_,z,2
p_149689_5_,placer,2
p_149689_6_,itemIn,2
p_149690_1_,worldIn,2
p_149690_2_,x,2
p_149690_3_,y,2
p_149690_4_,z,2
p_149690_5_,meta,2
p_149690_6_,chance,2
p_149690_7_,fortune,2
p_149691_1_,side,0
p_149691_2_,meta,0
p_149692_1_,meta,2
p_149694_1_,worldIn,0
p_149694_2_,x,0
p_149694_3_,y,0
p_149694_4_,z,0
p_149695_1_,worldIn,2
p_149695_2_,x,2
p_149695_3_,y,2
p_149695_4_,z,2
p_149695_5_,neighbor,2
p_149696_1_,worldIn,2
p_149696_2_,x,2
p_149696_3_,y,2
p_149696_4_,z,2
p_149696_5_,eventId,2
p_149696_6_,eventData,2
p_149697_1_,worldIn,2
p_149697_2_,x,2
p_149697_3_,y,2
p_149697_4_,z,2
p_149697_5_,meta,2
p_149697_6_,fortune,2
p_149699_1_,worldIn,2
p_149699_2_,x,2
p_149699_3_,y,2
p_149699_4_,z,2
p_149699_5_,player,2
p_149705_1_,worldIn,2
p_149705_2_,x,2
p_149705_3_,y,2
p_149705_4_,z,2
p_149705_5_,side,2
p_149705_6_,itemIn,2
p_149707_1_,worldIn,2
p_149707_2_,x,2
p_149707_3_,y,2
p_149707_4_,z,2
p_149707_5_,side,2
p_149709_1_,worldIn,2
p_149709_2_,x,2
p_149709_3_,y,2
p_149709_4_,z,2
p_149709_5_,side,2
p_149711_1_,hardness,2
p_149712_1_,worldIn,2
p_149712_2_,x,2
p_149712_3_,y,2
p_149712_4_,z,2
p_149713_1_,opacity,2
p_149714_1_,worldIn,2
p_149714_2_,x,2
p_149714_3_,y,2
p_149714_4_,z,2
p_149714_5_,meta,2
p_149715_1_,value,2
p_149718_1_,worldIn,2
p_149718_2_,x,2
p_149718_3_,y,2
p_149718_4_,z,2
p_149719_1_,worldIn,2
p_149719_2_,x,2
p_149719_3_,y,2
p_149719_4_,z,2
p_149720_1_,worldIn,0
p_149720_2_,x,0
p_149720_3_,y,0
p_149720_4_,z,0
p_149723_1_,worldIn,2
p_149723_2_,x,2
p_149723_3_,y,2
p_149723_4_,z,2
p_149723_5_,explosionIn,2
p_149724_1_,worldIn,2
p_149724_2_,x,2
p_149724_3_,y,2
p_149724_4_,z,2
p_149724_5_,entityIn,2
p_149725_1_,worldIn,2
p_149725_2_,x,2
p_149725_3_,y,2
p_149725_4_,z,2
p_149725_5_,meta,2
p_149726_1_,worldIn,2
p_149726_2_,x,2
p_149726_3_,y,2
p_149726_4_,z,2
p_149727_1_,worldIn,2
p_149727_2_,x,2
p_149727_3_,y,2
p_149727_4_,z,2
p_149727_5_,player,2
p_149727_6_,side,2
p_149727_7_,subX,2
p_149727_8_,subY,2
p_149727_9_,subZ,2
p_149728_1_,meta,2
p_149729_0_,id,2
p_149731_1_,worldIn,2
p_149731_2_,x,2
p_149731_3_,y,2
p_149731_4_,z,2
p_149731_5_,startVec,2
p_149731_6_,endVec,2
p_149733_1_,side,0
p_149734_1_,worldIn,0
p_149734_2_,x,0
p_149734_3_,y,0
p_149734_4_,z,0
p_149734_5_,random,0
p_149735_1_,side,0
p_149735_2_,meta,0
p_149736_1_,worldIn,2
p_149736_2_,x,2
p_149736_3_,y,2
p_149736_4_,z,2
p_149736_5_,side,2
p_149737_1_,player,2
p_149737_2_,worldIn,2
p_149737_3_,x,2
p_149737_4_,y,2
p_149737_5_,z,2
p_149738_1_,worldIn,2
p_149741_1_,meta,0
p_149742_1_,worldIn,2
p_149742_2_,x,2
p_149742_3_,y,2
p_149742_4_,z,2
p_149743_1_,worldIn,2
p_149743_2_,x,2
p_149743_3_,y,2
p_149743_4_,z,2
p_149743_5_,mask,2
p_149743_6_,list,2
p_149743_7_,collider,2
p_149745_1_,random,2
p_149746_1_,worldIn,2
p_149746_2_,x,2
p_149746_3_,y,2
p_149746_4_,z,2
p_149746_5_,entityIn,2
p_149746_6_,fallDistance,2
p_149747_1_,worldIn,2
p_149747_2_,x,2
p_149747_3_,y,2
p_149747_4_,z,2
p_149747_5_,side,2
p_149748_1_,worldIn,2
p_149748_2_,x,2
p_149748_3_,y,2
p_149748_4_,z,2
p_149748_5_,side,2
p_149749_1_,worldIn,2
p_149749_2_,x,2
p_149749_3_,y,2
p_149749_4_,z,2
p_149749_5_,blockBroken,2
p_149749_6_,meta,2
p_149752_1_,resistance,2
p_149851_1_,worldIn,2
p_149851_2_,x,2
p_149851_3_,y,2
p_149851_4_,z,2
p_149851_5_,isClient,2
p_149852_1_,worldIn,2
p_149852_2_,random,2
p_149852_3_,x,2
p_149852_4_,y,2
p_149852_5_,z,2
p_149853_1_,worldIn,2
p_149853_2_,random,2
p_149853_3_,x,2
p_149853_4_,y,2
p_149853_5_,z,2
p_149854_1_,ground,2
p_149855_1_,worldIn,2
p_149855_2_,x,2
p_149855_3_,y,2
p_149855_4_,z,2
p_149915_1_,worldIn,2
p_149915_2_,meta,2
p_149952_1_,worldIn,2
p_149952_2_,x,2
p_149952_3_,y,2
p_149952_4_,z,2
p_149975_0_,meta,2
p_149976_0_,meta,2
p_149977_0_,worldIn,2
p_149977_1_,x,2
p_149977_2_,y,2
p_149977_3_,z,2
p_149977_4_,safeIndex,2
p_149979_0_,worldIn,2
p_149979_1_,x,2
p_149979_2_,y,2
p_149979_3_,z,2
p_149979_4_,occupied,2
p_150024_1_,worldIn,2
p_150024_2_,x,2
p_150024_3_,y,2
p_150024_4_,z,2
p_150024_5_,level,2
p_150025_0_,meta,0
p_150026_0_,iconName,0
p_150027_0_,meta,2
p_150042_1_,worldIn,2
p_150042_2_,x,2
p_150042_3_,y,2
p_150042_4_,z,2
p_150043_1_,meta,2
p_150044_1_,worldIn,2
p_150044_2_,x,2
p_150044_3_,y,2
p_150044_4_,z,2
p_150045_1_,worldIn,2
p_150045_2_,x,2
p_150045_3_,y,2
p_150045_4_,z,2
p_150046_1_,worldIn,2
p_150046_2_,x,2
p_150046_3_,y,2
p_150046_4_,z,2
p_150061_1_,x,2
p_150061_2_,y,2
p_150061_3_,z,2
p_150062_1_,worldIn,2
p_150062_2_,x,2
p_150062_3_,y,2
p_150062_4_,z,2
p_150062_5_,power,2
p_150063_1_,meta,2
p_150064_1_,worldIn,2
p_150064_2_,x,2
p_150064_3_,y,2
p_150064_4_,z,2
p_150089_1_,meta,2
p_150238_1_,colorIn,2
p_150255_1_,style,2
p_150257_1_,component,2
p_150258_1_,text,2
p_150262_0_,components,2
p_150269_1_,format,2
p_150272_1_,index,2
p_150284_0_,id,2
p_150295_1_,key,2
p_150295_2_,type,2
p_150297_1_,key,2
p_150297_2_,type,2
p_150298_0_,name,2
p_150298_1_,data,2
p_150298_2_,output,2
p_150299_1_,key,2
p_150304_1_,i,0
p_150305_1_,i,2
p_150306_1_,i,2
p_150307_1_,i,2
p_150308_1_,i,2
p_150309_1_,i,2
p_150503_1_,ctx,2
p_150503_2_,buffer,2
p_150695_1_,style,2
p_150695_2_,object,2
p_150695_3_,ctx,2
p_150696_0_,component,2
p_150699_0_,json,2
p_150718_1_,message,2
p_150719_1_,handler,2
p_150723_1_,newState,2
p_150725_1_,inPacket,2
p_150725_2_,futureListeners,2
p_150727_1_,key,2
p_150732_1_,inPacket,2
p_150732_2_,futureListeners,2
p_150752_0_,packetIn,2
p_150760_0_,stateId,2
p_150785_1_,str,2
p_150786_1_,nbt,2
p_150787_1_,input,2
p_150788_1_,stack,2
p_150789_1_,maxLength,2
p_150790_0_,input,2
p_150894_1_,stack,2
p_150894_2_,worldIn,2
p_150894_3_,blockIn,2
p_150905_1_,itemStackIn,2
p_150906_1_,itemStackIn,2
p_150919_0_,stack,2
p_150919_1_,worldIn,2
p_150919_2_,x,2
p_150919_3_,y,2
p_150919_4_,z,2
p_151223_0_,packFile,0
p_151223_1_,packName,0
p_151223_2_,completionListener,0
p_151223_3_,requestData,0
p_151223_4_,maxSize,0
p_151223_5_,loadingScreen,0
p_151223_6_,proxy,0
p_151225_0_,url,2
p_151225_1_,content,2
p_151225_2_,skipLoggingErrors,2
p_151226_0_,url,2
p_151226_1_,data,2
p_151226_2_,skipLoggingErrors,2
p_151255_1_,string,2
p_151256_1_,ctx,2
p_151256_2_,data,2
p_151265_1_,address,2
p_151265_2_,port,2
p_151315_1_,motd,2
p_151319_1_,countData,2
p_151320_1_,faviconBlob,2
p_151321_1_,protocolVersionData,2
p_151330_1_,playersIn,2
p_151462_1_,keyCode,0
p_151538_1_,worldIn,2
p_151616_0_,biomeIDA,2
p_151616_1_,biomeIDB,2
p_152121_1_,skinPart,0
p_152121_2_,skinLoc,0
p_152125_0_,x,0
p_152125_1_,y,0
p_152125_2_,u,0
p_152125_3_,v,0
p_152125_4_,uWidth,0
p_152125_5_,vHeight,0
p_152125_6_,width,0
p_152125_7_,height,0
p_152125_8_,tileWidth,0
p_152125_9_,tileHeight,0
p_152340_1_,imageStream,0
p_152343_1_,callableToSchedule,0
p_152344_1_,runnableToSchedule,0
p_152361_1_,configManager,2
p_152372_1_,sender,2
p_152372_2_,command,2
p_152372_4_,msgFormat,2
p_152372_5_,msgParams,2
p_152373_0_,sender,2
p_152373_1_,command,2
p_152373_2_,msgFormat,2
p_152373_3_,msgParams,2
p_152374_0_,sender,2
p_152374_1_,command,2
p_152374_3_,msgFormat,2
p_152374_4_,msgParams,2
p_152378_1_,uuid,2
p_152446_1_,input,2
p_152446_2_,depth,2
p_152446_3_,sizeTracker,2
p_152447_0_,input,2
p_152447_1_,sizeTracker,2
p_152448_0_,input,2
p_152448_1_,sizeTracker,2
p_152449_0_,id,2
p_152449_1_,key,2
p_152449_2_,input,2
p_152449_3_,depth,2
p_152449_4_,sizeTracker,2
p_152450_1_,size,2
p_152459_0_,compound,2
p_152460_0_,compound,2
p_152460_1_,profile,2
p_152506_1_,original,2
p_152583_1_,serverDataIn,0
p_152584_1_,mode,0
p_152596_1_,profile,2
p_152597_1_,profile,2
p_152601_1_,profile,2
p_152602_1_,player,2
p_152605_1_,profile,2
p_152607_1_,profile,2
p_152609_1_,includeUuid,2
p_152610_1_,profile,2
p_152611_1_,distance,2
p_152612_1_,username,2
p_152641_1_,data,2
p_152681_1_,obj,2
p_152682_1_,entryData,2
p_152683_1_,obj,2
p_152686_1_,state,2
p_152687_1_,entry,2
p_152692_1_,entry,2
p_152701_1_,profile,2
p_152702_1_,profile,2
p_152703_1_,username,2
p_152707_1_,address,2
p_152708_1_,address,2
p_152709_1_,address,2
p_152710_0_,server,1
p_152711_0_,dir,1
p_152712_0_,properties,1
p_152713_0_,input,1
p_152713_1_,defaultValue,1
p_152714_0_,properties,1
p_152715_0_,properties,1
p_152717_0_,server,2
p_152717_1_,names,2
p_152717_2_,callback,2
p_152718_0_,server,1
p_152721_0_,inFile,1
p_152721_1_,read,1
p_152722_0_,server,1
p_152723_0_,server,1
p_152724_0_,server,1
p_152725_0_,properties,1
p_152727_0_,convertedFile,1
p_152754_0_,base,0
p_152754_1_,key,0
p_152755_0_,url,0
p_154347_1_,inFile,1
p_155759_1_,resourcePackUrl,1
p_70000_1_,playerSnooper,2
p_70001_1_,playerSnooper,2
p_70003_1_,permissionLevel,2
p_70003_2_,command,2
p_70011_1_,x,2
p_70011_3_,y,2
p_70011_5_,z,2
p_70012_1_,x,2
p_70012_3_,y,2
p_70012_5_,z,2
p_70012_7_,yaw,2
p_70012_8_,pitch,2
p_70014_1_,tagCompound,2
p_70015_1_,seconds,2
p_70016_1_,x,0
p_70016_3_,y,0
p_70016_5_,z,0
p_70019_1_,eating,2
p_70020_1_,tagCompund,2
p_70024_1_,x,2
p_70024_3_,y,2
p_70024_5_,z,2
p_70028_1_,entityIn,2
p_70029_1_,worldIn,2
p_70031_1_,sprinting,2
p_70032_1_,entityIn,2
p_70034_1_,rotation,0
p_70037_1_,tagCompund,2
p_70038_1_,x,2
p_70038_3_,y,2
p_70038_5_,z,2
p_70039_1_,tagCompund,2
p_70049_1_,numbers,2
p_70050_1_,air,2
p_70052_1_,flag,2
p_70052_2_,set,2
p_70055_1_,materialIn,2
p_70056_1_,x,0
p_70056_3_,y,0
p_70056_5_,z,0
p_70056_7_,yaw,0
p_70056_8_,pitch,0
p_70056_9_,rotationIncrements,0
p_70060_1_,strafe,2
p_70060_2_,forward,2
p_70060_3_,friction,2
p_70062_1_,slotIn,2
p_70062_2_,itemStackIn,2
p_70064_1_,distanceFallenThisTick,2
p_70064_3_,isOnGround,2
p_70068_1_,entityIn,2
p_70069_1_,distance,2
p_70074_1_,entityLivingIn,2
p_70077_1_,lightningBolt,2
p_70078_1_,entityIn,2
p_70080_1_,x,2
p_70080_3_,y,2
p_70080_5_,z,2
p_70080_7_,yaw,2
p_70080_8_,pitch,2
p_70081_1_,amount,2
p_70082_1_,yaw,0
p_70082_2_,pitch,0
p_70083_1_,flag,2
p_70084_1_,entityIn,2
p_70084_2_,amount,2
p_70087_1_,numbers,2
p_70091_1_,x,2
p_70091_3_,y,2
p_70091_5_,z,2
p_70092_1_,x,2
p_70092_3_,y,2
p_70092_5_,z,2
p_70095_1_,sneaking,2
p_70097_1_,source,2
p_70097_2_,amount,2
p_70099_1_,itemStackIn,2
p_70099_2_,offsetY,2
p_70100_1_,entityIn,2
p_70101_1_,yaw,2
p_70101_2_,pitch,2
p_70105_1_,width,2
p_70105_2_,height,2
p_70107_1_,x,2
p_70107_3_,y,2
p_70107_5_,z,2
p_70108_1_,entityIn,2
p_70109_1_,tagCompund,2
p_70112_1_,distance,0
p_70114_1_,entityIn,2
p_70298_1_,index,2
p_70298_2_,count,2
p_70299_1_,index,2
p_70299_2_,stack,2
p_70300_1_,player,2
p_70301_1_,slotIn,2
p_70304_1_,index,2
p_70620_1_,itemStackIn,0
p_70999_2_,updateWorldFlag,2
p_70999_3_,setSpawn,2
p_71010_1_,itemStackIn,2
p_71018_1_,x,2
p_71018_2_,y,2
p_71018_3_,z,2
p_71019_1_,itemStackIn,2
p_71027_1_,dimensionId,2
p_71033_1_,gameType,2
p_71059_1_,targetEntity,2
p_71188_1_,allowPvp,2
p_71189_1_,host,1
p_71191_1_,maxBuildHeight,2
p_71192_1_,message,2
p_71194_1_,enable,2
p_71198_1_,msg,1
p_71201_1_,msg,1
p_71204_1_,demo,2
p_71205_1_,motdIn,2
p_71206_1_,type,2
p_71206_2_,allowCheats,2
p_71208_1_,port,1
p_71209_1_,fileName,2
p_71216_1_,message,2
p_71216_2_,percent,2
p_71218_1_,dimension,2
p_71224_1_,owner,2
p_71228_1_,report,2
p_71229_1_,online,2
p_71230_1_,report,2
p_71235_1_,gameMode,2
p_71236_1_,msg,2
p_71244_1_,msg,1
p_71245_1_,allow,2
p_71248_1_,sender,2
p_71248_2_,input,2
p_71251_1_,spawnAnimals,2
p_71252_1_,command,1
p_71253_1_,keyPair,2
p_71257_1_,spawnNpcs,2
p_71261_1_,name,2
p_71267_1_,dontLog,2
p_71327_1_,key,1
p_71327_2_,defaultValue,1
p_71328_1_,key,1
p_71328_2_,value,1
p_71330_1_,key,1
p_71330_2_,defaultValue,1
p_71331_1_,input,1
p_71331_2_,sender,1
p_71332_1_,key,1
p_71332_2_,defaultValue,1
p_71351_1_,serverDataIn,0
p_71353_1_,worldClientIn,0
p_71353_2_,loadingMessage,0
p_71354_1_,dimension,0
p_71361_1_,message,0
p_71366_1_,elapsedTicksTime,0
p_71367_1_,serverHostname,0
p_71367_2_,serverPort,0
p_71370_1_,width,0
p_71370_2_,height,0
p_71371_1_,folderName,0
p_71371_2_,worldName,0
p_71371_3_,worldSettingsIn,0
p_71377_1_,crashReportIn,0
p_71383_1_,keyCount,0
p_71392_1_,width,0
p_71392_2_,height,0
p_71392_3_,width2,0
p_71392_4_,height2,0
p_71392_5_,stdTextureWidth,0
p_71392_6_,stdTextureHeight,0
p_71396_1_,theCrash,0
p_71403_1_,worldClientIn,0
p_71404_1_,crash,0
p_71515_1_,sender,2
p_71515_2_,args,2
p_71516_1_,sender,2
p_71516_2_,args,2
p_71518_1_,sender,2
p_71519_1_,sender,2
p_71521_0_,sender,2
p_71523_0_,original,2
p_71523_1_,region,2
p_71526_0_,sender,2
p_71526_1_,str,2
p_71527_0_,elements,2
p_71528_0_,sender,2
p_71528_1_,str,2
p_71528_2_,min,2
p_71529_0_,command,2
p_71530_0_,args,2
p_71530_1_,possibilities,2
p_71531_0_,args,2
p_71531_1_,possibilities,2
p_71532_0_,sender,2
p_71532_1_,str,2
p_71532_2_,min,2
p_71532_3_,max,2
p_71565_0_,input,2
p_71566_0_,character,2
p_71569_1_,x,2
p_71569_2_,y,2
p_71569_3_,z,2
p_71571_1_,x,2
p_71571_2_,y,2
p_71571_3_,z,2
p_72314_1_,x,2
p_72314_3_,y,2
p_72314_5_,z,2
p_72315_1_,vec,2
p_72316_1_,other,2
p_72317_1_,x,2
p_72317_3_,y,2
p_72317_5_,z,2
p_72318_1_,vec,2
p_72319_1_,vec,2
p_72321_1_,x,2
p_72321_3_,y,2
p_72321_5_,z,2
p_72322_1_,other,2
p_72323_1_,other,2
p_72324_1_,x1,2
p_72324_11_,z2,2
p_72324_3_,y1,2
p_72324_5_,z1,2
p_72324_7_,x2,2
p_72324_9_,y2,2
p_72325_1_,x,2
p_72325_3_,y,2
p_72325_5_,z,2
p_72326_1_,other,2
p_72328_1_,other,2
p_72330_0_,x1,2
p_72330_10_,z2,2
p_72330_2_,y1,2
p_72330_4_,z1,2
p_72330_6_,x2,2
p_72330_8_,y2,2
p_72331_1_,x,2
p_72331_3_,y,2
p_72331_5_,z,2
p_72333_1_,vec,2
p_72354_1_,player,2
p_72354_2_,worldIn,2
p_72355_1_,netManager,2
p_72355_2_,player,2
p_72356_1_,player,2
p_72356_2_,dimension,2
p_72358_1_,player,2
p_72367_1_,player,2
p_72368_1_,player,2
p_72368_2_,dimension,2
p_72368_3_,conqueredEnd,2
p_72371_1_,whitelistEnabled,2
p_72375_1_,player,2
p_72375_2_,worldIn,2
p_72377_1_,player,2
p_72380_1_,player,2
p_72382_1_,address,2
p_72385_1_,player,2
p_72391_1_,player,2
p_72429_1_,vec,2
p_72429_2_,x,2
p_72430_1_,vec,2
p_72431_1_,vec,0
p_72434_1_,vec,2
p_72434_2_,z,2
p_72435_1_,vec,2
p_72435_2_,y,2
p_72436_1_,vec,2
p_72438_1_,vec,2
p_72439_1_,x,2
p_72439_3_,y,2
p_72439_5_,z,2
p_72440_1_,angle,2
p_72441_1_,x,2
p_72441_3_,y,2
p_72441_5_,z,2
p_72442_1_,angle,2
p_72443_0_,x,2
p_72443_2_,y,2
p_72443_4_,z,2
p_72444_1_,vec,0
p_72445_1_,x,2
p_72445_3_,y,2
p_72445_5_,z,2
p_72446_1_,angle,0
p_72593_1_,currentTime,1
p_72601_1_,socket,1
p_72604_1_,socket,1
p_72604_2_,removeFromList,1
p_72605_1_,socket,1
p_72605_2_,removeFromList,1
p_72606_1_,msg,1
p_72607_1_,msg,1
p_72608_1_,socket,1
p_72609_1_,msg,1
p_72610_1_,msg,1
p_72612_1_,logWarning,1
p_72620_1_,data,1
p_72620_2_,requestPacket,1
p_72621_1_,requestPacket,1
p_72622_1_,requestPacket,1
p_72623_1_,exception,1
p_72624_1_,requestPacket,1
p_72625_1_,address,1
p_72627_1_,requestPacket,1
p_72654_3_,message,1
p_72663_0_,input,1
p_72667_1_,data,1
p_72668_1_,data,1
p_72670_1_,data,1
p_72671_1_,data,1
p_72704_1_,soundName,2
p_72704_2_,x,2
p_72704_4_,y,2
p_72704_6_,z,2
p_72704_8_,volume,2
p_72704_9_,pitch,2
p_72807_1_,x,2
p_72807_2_,z,2
p_72834_1_,x,2
p_72834_2_,y,2
p_72834_3_,z,2
p_72834_4_,byWater,2
p_72850_1_,x,2
p_72850_2_,y,2
p_72850_3_,z,2
p_72856_1_,entityIn,2
p_72856_2_,distance,2
p_72864_1_,x,2
p_72864_2_,y,2
p_72864_3_,z,2
p_72869_1_,particleName,2
p_72869_10_,velocityY,2
p_72869_12_,velocityZ,2
p_72869_2_,x,2
p_72869_4_,y,2
p_72869_6_,z,2
p_72869_8_,velocityX,2
p_72877_1_,time,2
p_72878_1_,x,2
p_72878_2_,y,2
p_72878_3_,z,2
p_72878_4_,directionIn,2
p_72879_1_,x,2
p_72879_2_,y,2
p_72879_3_,z,2
p_72879_4_,directionIn,2
p_72884_1_,x,2
p_72884_2_,y,2
p_72884_3_,z,2
p_72886_1_,player,2
p_72886_2_,x,2
p_72886_3_,y,2
p_72886_4_,z,2
p_72886_5_,side,2
p_72889_1_,player,2
p_72889_3_,x,2
p_72889_4_,y,2
p_72889_5_,z,2
p_72890_1_,entityIn,2
p_72890_2_,distance,2
p_72891_1_,hostile,2
p_72891_2_,peaceful,2
p_72894_1_,strength,0
p_72897_1_,entityIn,0
p_72908_1_,x,2
p_72908_3_,y,2
p_72908_5_,z,2
p_72908_7_,soundName,2
p_72908_8_,volume,2
p_72908_9_,pitch,2
p_72914_1_,report,2
p_72924_1_,name,2
p_72926_2_,x,2
p_72926_3_,y,2
p_72926_4_,z,2
p_72934_1_,recordName,2
p_72934_2_,x,2
p_72934_3_,y,2
p_72934_4_,z,2
p_72951_1_,x,2
p_72951_2_,y,2
p_72951_3_,z,2
p_72958_1_,x,2
p_72958_2_,y,2
p_72958_3_,z,2
p_72960_1_,entityIn,2
p_72962_1_,player,2
p_72962_2_,x,2
p_72962_3_,y,2
p_72962_4_,z,2
p_72977_1_,x,2
p_72977_3_,y,2
p_72977_5_,z,2
p_72977_7_,distance,2
p_72980_1_,x,2
p_72980_10_,distanceDelay,2
p_72980_3_,y,2
p_72980_5_,z,2
p_72980_7_,soundName,2
p_72980_8_,volume,2
p_72980_9_,pitch,2
p_73078_1_,player,2
p_73078_2_,worldIn,2
p_73078_3_,stack,2
p_73107_1_,damage,0
p_73667_1_,key,1
p_73667_2_,value,1
p_73669_1_,key,1
p_73669_2_,defaultValue,1
p_73670_1_,key,1
p_73670_2_,defaultValue,1
p_73671_1_,key,1
p_73671_2_,defaultValue,1
p_73728_1_,x,0
p_73728_2_,startY,0
p_73728_3_,endY,0
p_73728_4_,color,0
p_73729_1_,x,0
p_73729_2_,y,0
p_73729_3_,textureX,0
p_73729_4_,textureY,0
p_73729_5_,width,0
p_73729_6_,height,0
p_73730_1_,startX,0
p_73730_2_,endX,0
p_73730_3_,y,0
p_73730_4_,color,0
p_73731_1_,fontRendererIn,0
p_73731_2_,text,0
p_73731_3_,x,0
p_73731_4_,y,0
p_73731_5_,color,0
p_73732_1_,fontRendererIn,0
p_73732_2_,text,0
p_73732_3_,x,0
p_73732_4_,y,0
p_73732_5_,color,0
p_73733_1_,left,0
p_73733_2_,top,0
p_73733_3_,right,0
p_73733_4_,bottom,0
p_73733_5_,startColor,0
p_73733_6_,endColor,0
p_73734_0_,left,0
p_73734_1_,top,0
p_73734_2_,right,0
p_73734_3_,bottom,0
p_73734_4_,color,0
p_73863_1_,mouseX,0
p_73863_2_,mouseY,0
p_73863_3_,partialTicks,0
p_73864_1_,mouseX,0
p_73864_2_,mouseY,0
p_73864_3_,mouseButton,0
p_73869_1_,typedChar,0
p_73869_2_,keyCode,0
p_73878_1_,result,0
p_73878_2_,id,0
p_74507_0_,keyCode,0
p_74510_0_,keyCode,0
p_74510_1_,pressed,0
p_74734_1_,output,2
p_74744_1_,i,0
p_74757_1_,key,2
p_74757_2_,value,2
p_74759_1_,key,2
p_74760_1_,key,2
p_74762_1_,key,2
p_74763_1_,key,2
p_74764_1_,key,2
p_74765_1_,key,2
p_74767_1_,key,2
p_74768_1_,key,2
p_74768_2_,value,2
p_74769_1_,key,2
p_74770_1_,key,2
p_74771_1_,key,2
p_74772_1_,key,2
p_74772_2_,value,2
p_74773_1_,key,2
p_74773_2_,value,2
p_74774_1_,key,2
p_74774_2_,value,2
p_74775_1_,key,2
p_74776_1_,key,2
p_74776_2_,value,2
p_74777_1_,key,2
p_74777_2_,value,2
p_74778_1_,key,2
p_74778_2_,value,2
p_74779_1_,key,2
p_74780_1_,key,2
p_74780_2_,value,2
p_74781_1_,key,2
p_74782_1_,key,2
p_74782_2_,value,2
p_74783_1_,key,2
p_74783_2_,value,2
p_75140_1_,player,2
p_75140_2_,id,2
p_75144_1_,slotId,2
p_75144_2_,clickedButton,2
p_75144_3_,mode,2
p_75144_4_,player,2
p_75145_1_,player,2
p_75214_1_,stack,2
p_75230_1_,trade,2
p_75230_2_,firstItem,2
p_75230_3_,secondItem,2
p_75849_1_,point,2
p_75904_1_,areaX,2
p_75904_2_,areaY,2
p_75904_3_,areaWidth,2
p_75904_4_,areaHeight,2
p_76179_0_,data,2
p_76318_1_,name,2
p_76320_1_,name,2
p_76600_1_,x,2
p_76600_2_,z,2
p_76611_1_,x,2
p_76611_2_,z,2
p_77124_1_,enable,2
p_77130_0_,type,2
p_77132_1_,version,2
p_77621_1_,worldIn,2
p_77621_2_,player,2
p_77621_3_,useLiquids,2
p_77644_1_,stack,2
p_77659_1_,itemStackIn,2
p_77659_2_,worldIn,2
p_77659_3_,player,2
p_77661_1_,stack,2
p_77663_1_,stack,2
p_77663_2_,worldIn,2
p_77663_3_,entityIn,2
p_77667_1_,stack,2
p_77844_2_,duration,2
p_77844_3_,amplifier,2
p_77844_4_,probability,2
p_78025_1_,texture,2
p_78259_1_,str,0
p_78259_2_,wrapWidth,0
p_78261_1_,text,0
p_78261_2_,x,0
p_78261_3_,y,0
p_78261_4_,color,0
p_78268_1_,str,0
p_78268_2_,x,0
p_78268_3_,y,0
p_78268_4_,wrapWidth,0
p_78268_5_,addShadow,0
p_78270_0_,formatChar,0
p_78271_1_,str,0
p_78271_2_,wrapWidth,0
p_78272_0_,colorChar,0
p_78276_1_,text,0
p_78276_2_,x,0
p_78276_3_,y,0
p_78276_4_,color,0
p_78279_1_,str,0
p_78279_2_,x,0
p_78279_3_,y,0
p_78279_4_,wrapWidth,0
p_78279_5_,textColor,0
p_78280_1_,str,0
p_78280_2_,wrapWidth,0
p_78370_1_,red,0
p_78370_2_,green,0
p_78370_3_,blue,0
p_78370_4_,alpha,0
p_78743_1_,x,0
p_78743_2_,y,0
p_78743_3_,z,0
p_78743_4_,side,0
p_78744_0_,minecraftIn,0
p_78744_1_,playerController,0
p_78744_2_,x,0
p_78744_3_,y,0
p_78744_4_,z,0
p_78744_5_,side,0
p_78745_1_,player,0
p_78751_1_,x,0
p_78751_2_,y,0
p_78751_3_,z,0
p_78751_4_,side,0
p_78752_1_,itemStackIn,0
p_78753_1_,windowId,0
p_78753_2_,slotId,0
p_78753_5_,player,0
p_78759_1_,x,0
p_78759_2_,y,0
p_78759_3_,z,0
p_78759_4_,side,0
p_78760_1_,player,0
p_78760_2_,worldIn,0
p_78760_3_,itemStackIn,0
p_78760_4_,x,0
p_78760_5_,y,0
p_78760_6_,z,0
p_78760_7_,side,0
p_78760_8_,hitVector,0
p_78761_1_,itemStackIn,0
p_78761_2_,slotId,0
p_78764_1_,player,0
p_78764_2_,targetEntity,0
p_78766_1_,player,0
p_78768_1_,player,0
p_78768_2_,targetEntity,0
p_78769_1_,player,0
p_78769_2_,worldIn,0
p_78769_3_,itemStackIn,0
p_78837_0_,nbtCompound,0
p_82141_1_,entityIn,2
p_82141_2_,unused,2
p_82142_1_,invisible,2
p_82149_1_,entityIn,2
p_82161_0_,armorSlot,2
p_82161_1_,itemTier,2
p_82358_1_,args,2
p_82358_2_,index,2
p_82359_0_,sender,2
p_82359_1_,username,2
p_82360_0_,sender,2
p_82360_1_,args,2
p_82360_2_,index,2
p_82363_0_,sender,2
p_82363_1_,str,2
p_82371_1_,other,2
p_82448_1_,entityIn,2
p_82449_1_,coordinates,2
p_82449_10_,teamName,2
p_82449_11_,worldIn,2
p_82449_2_,minRadius,2
p_82449_3_,maxRadius,2
p_82449_4_,maxAmount,2
p_82449_5_,gameMode,2
p_82449_6_,minXp,2
p_82449_7_,maxXp,2
p_82449_8_,scoreboardData,2
p_82449_9_,username,2
p_82482_1_,source,2
p_82482_2_,stack,2
p_82485_1_,source,2
p_82486_0_,worldIn,2
p_82486_1_,stack,2
p_82486_2_,speed,2
p_82486_4_,position,2
p_82487_1_,source,2
p_82487_2_,stack,2
p_82488_1_,facingIn,2
p_82489_1_,source,2
p_82489_2_,facingIn,2
p_82499_1_,worldIn,2
p_82499_2_,position,2
p_82580_1_,key,2
p_82733_1_,clazz,2
p_82733_2_,bb,2
p_82733_3_,selector,2
p_82846_1_,player,2
p_82846_2_,index,2
p_85029_1_,category,2
p_85030_1_,name,2
p_85030_2_,volume,2
p_85030_3_,pitch,2
p_85031_1_,entityIn,2
p_85182_1_,x,0
p_85182_2_,y,0
p_85182_3_,z,0
p_85187_1_,text,0
p_85187_2_,x,0
p_85187_3_,y,0
p_85187_4_,color,0
p_85187_5_,dropShadow,0
p_92088_1_,x,0
p_92088_11_,motionZ,0
p_92088_13_,compund,0
p_92088_3_,y,0
p_92088_5_,z,0
p_92088_7_,motionX,0
p_92088_9_,motionY,0
p_94041_1_,index,2
p_94041_2_,stack,2
p_94065_1_,x,0
p_94065_2_,y,0
p_94065_3_,icon,0
p_94065_4_,width,0
p_94065_5_,height,0
p_94527_0_,slotIn,2
p_94527_1_,stack,2
p_94527_2_,stackSizeMatters,2
p_94572_1_,x,2
p_94572_2_,y,2
p_94572_3_,z,2
p_94574_1_,x,2
p_94574_2_,y,2
p_94574_3_,z,2
p_94574_4_,directionIn,2
p_94577_1_,x,2
p_94577_2_,y,2
p_94577_3_,z,2
p_94581_1_,register,0
p_96290_1_,inWorld,2
p_96290_2_,x,2
p_96290_3_,y,2
p_96290_4_,z,2
p_96290_5_,player,2
p_96332_0_,sender,2
p_96332_1_,query,2
p_96333_0_,strings,2
p_96456_1_,scoreboardIn,2
p_96456_2_,player,2
p_96457_1_,player,2
p_96457_2_,scoreboardCriteria,2
p_98034_1_,player,0
p_98035_1_,tagCompund,2
p_98179_1_,x,2
p_98179_2_,y,2
p_98179_3_,z,2
p_i1020_1_,buttonId,0
p_i1020_2_,x,0
p_i1020_3_,y,0
p_i1020_4_,buttonText,0
p_i1021_1_,stateName,0
p_i1021_2_,id,0
p_i1040_1_,parentScreen,0
p_i1044_1_,textureManagerInstance,0
p_i1044_2_,skinCacheDirectory,0
p_i1044_3_,sessionService,0
p_i1052_2_,width,0
p_i1052_3_,height,0
p_i1063_1_,mc,0
p_i1085_1_,selectionListIn,0
p_i1103_1_,sessionIn,0
p_i1103_10_,version,0
p_i1103_11_,twitchDetails,0
p_i1103_12_,assetsJsonVersion,0
p_i1103_2_,displayWidth,0
p_i1103_3_,displayHeight,0
p_i1103_4_,fullscreen,0
p_i1103_5_,isDemo,0
p_i1103_6_,dataDir,0
p_i1103_7_,assetsDir,0
p_i1103_8_,resourcePackDir,0
p_i1103_9_,proxy,0
p_i1108_1_,x,2
p_i1108_3_,y,2
p_i1108_5_,z,2
p_i1138_1_,bansFile,2
p_i1144_1_,saveFile,2
p_i1188_1_,id,2
p_i1188_2_,statData,2
p_i1203_1_,worldIn,0
p_i1206_1_,message,1
p_i1206_2_,cause,1
p_i1207_1_,message,1
p_i1354_1_,x,2
p_i1354_2_,y,2
p_i1354_3_,z,2
p_i1355_1_,coords,2
p_i1368_1_,xCoord,2
p_i1368_3_,yCoord,2
p_i1368_5_,zCoord,2
p_i1490_1_,bansFile,2
p_i1500_1_,server,2
p_i1503_1_,server,1
p_i1508_1_,workDir,1
p_i1530_1_,server,2
p_i1530_2_,networkManagerIn,2
p_i1530_3_,player,2
p_i1533_1_,size,1
p_i1535_2_,requestPacket,1
p_i1537_2_,socket,1
p_i1582_1_,worldIn,2
p_i1709_1_,worldIn,2
p_i1709_2_,x,2
p_i1709_4_,y,2
p_i1709_6_,z,2
p_i1710_1_,worldIn,2
p_i1710_2_,x,2
p_i1710_4_,y,2
p_i1710_6_,z,2
p_i1710_8_,stack,2
p_i1812_1_,invPlayer,2
p_i1812_2_,teFurnace,2
p_i1853_1_,index,2
p_i1853_2_,label,2
p_i1960_1_,id,2
p_i1960_2_,name,2
p_i1960_3_,version,2
p_i1963_1_,worldIn,2
p_i2300_1_,x1,2
p_i2300_11_,z2,2
p_i2300_3_,y1,2
p_i2300_5_,z1,2
p_i2300_7_,x2,2
p_i2300_9_,y2,2
p_i2362_1_,serverIn,1
p_i45001_1_,description,0
p_i45001_2_,keyCode,0
p_i45001_3_,category,0
p_i45087_1_,resourceManager,0
p_i45087_2_,programName,0
p_i45091_1_,type,0
p_i45091_2_,shaderId,0
p_i45091_3_,filename,0
p_i45092_1_,name,0
p_i45092_2_,type,0
p_i45092_3_,count,0
p_i45092_4_,manager,0
p_i45103_1_,soundResource,0
p_i45107_1_,soundResource,0
p_i45107_2_,volume,0
p_i45107_3_,pitch,0
p_i45107_4_,xPosition,0
p_i45107_5_,yPosition,0
p_i45107_6_,zPosition,0
p_i45108_1_,soundResource,0
p_i45108_2_,volume,0
p_i45108_3_,pitch,0
p_i45108_4_,repeat,0
p_i45108_5_,repeatDelay,0
p_i45108_6_,attenuationType,0
p_i45108_7_,xPosition,0
p_i45108_8_,yPosition,0
p_i45108_9_,zPosition,0
p_i45140_1_,cipherIn,2
p_i45141_1_,cipher,2
p_i45142_1_,cipher,2
p_i45146_1_,inPacket,2
p_i45146_2_,inFutureListeners,2
p_i45147_1_,isClient,2
p_i45152_3_,protocolId,2
p_i45154_1_,wrapped,2
p_i45159_1_,msg,2
p_i45160_1_,translationKey,2
p_i45160_2_,args,2
p_i45161_1_,component,2
p_i45161_2_,message,2
p_i45162_1_,component,2
p_i45162_2_,index,2
p_i45163_1_,component,2
p_i45163_2_,cause,2
p_i45172_1_,ent,2
p_i45172_2_,animationType,2
p_i45175_1_,xcoord,2
p_i45175_2_,ycoord,2
p_i45175_3_,zcoord,2
p_i45175_4_,meta,2
p_i45175_5_,nbtTag,2
p_i45179_1_,component,2
p_i45180_1_,component,2
p_i45180_2_,chat,2
p_i45189_1_,channelName,2
p_i45189_2_,dataIn,2
p_i45190_1_,channelName,2
p_i45190_2_,dataIn,2
p_i45194_1_,stateIn,2
p_i45208_1_,capabilities,2
p_i45210_1_,player,2
p_i45210_2_,xPos,2
p_i45210_3_,yPos,2
p_i45210_4_,zPos,2
p_i45223_1_,healthIn,2
p_i45223_2_,foodLevelIn,2
p_i45223_3_,saturationIn,2
p_i45239_1_,msg,2
p_i45240_1_,messageIn,2
p_i45241_3_,statusId,2
p_i45242_1_,statusIn,2
p_i45250_3_,actionId,2
p_i45257_1_,capabilities,2
p_i45267_1_,profileIn,2
p_i45268_1_,serverId,2
p_i45268_2_,key,2
p_i45269_1_,reasonIn,2
p_i45270_1_,profileIn,2
p_i45272_1_,time,2
p_i45273_1_,responseIn,2
p_i45275_1_,nameIn,2
p_i45275_2_,protocolIn,2
p_i45281_1_,workDir,1
p_i45281_2_,proxy,1
p_i45286_1_,networkSystemIn,2
p_i45292_1_,server,2
p_i45295_1_,serverIn,2
p_i45295_2_,netManager,2
p_i45299_1_,serverIn,2
p_i45299_2_,netManager,2
p_i45300_2_,threadName,1
p_i45387_1_,name,2
p_i45387_2_,materialIn,2
p_i45393_1_,name,2
p_i45393_2_,volume,2
p_i45393_3_,frequency,2
p_i45394_1_,materialIn,2
p_i45395_1_,materialIn,2
p_i45396_1_,wooden,2
p_i45397_1_,type,2
p_i45411_1_,name,2
p_i45411_2_,materialIn,2
p_i45411_3_,ignoreSimilarity,2
p_i46314_1_,mc,0
p_i46323_1_,buttonId,0
p_i46323_2_,x,0
p_i46323_3_,y,0
p_i46323_4_,widthIn,0
p_i46323_5_,heightIn,0
p_i46323_6_,buttonText,0
p_i46336_1_,reasonIn,2
p_i46342_1_,size,2
p_i46372_1_,propertiesFile,1
p_i46373_1_,eulaFile,1
p_i46400_1_,workDir,2
p_i46400_2_,proxy,2
